<?xml version="1.0" encoding="UTF-8"?>
<project-private xmlns="http://www.netbeans.org/ns/project-private/1">
    <editor-bookmarks xmlns="http://www.netbeans.org/ns/editor-bookmarks/2" lastBookmarkId="0"/>
    <open-files xmlns="http://www.netbeans.org/ns/projectui-open-files/2">
        <group>
            <file>file:/C:/Users/CETECOM/Downloads/EvParcial3-main/EvParcial3/src/vista/EmpModificar.java</file>
            <file>file:/C:/Users/CETECOM/Downloads/EvParcial3-main/EvParcial3/src/vista/Empleados.java</file>
            <file>file:/C:/Users/CETECOM/Downloads/EvParcial3-main/EvParcial3/src/dao/EmpleadoDAOImpl.java</file>
            <file>file:/C:/Users/CETECOM/Downloads/EvParcial3-main/EvParcial3/src/modelo/Empleado.java</file>
        </group>
    </open-files>
</project-private>
